{
  "generation_time": 0.0006587899997612112,
  "download_time": 0.00043470700074976776,
  "api_latency": 0.0,
  "queue_wait_time": 0.0,
  "credits_used": 0,
  "cache_hits": 0,
  "cache_misses": 7
}