{
  "generation_time": 7.724999886704609e-05,
  "download_time": 4.370799979369622e-05,
  "api_latency": 0.0,
  "queue_wait_time": 0.0,
  "credits_used": 0,
  "cache_hits": 0,
  "cache_misses": 0
}