{
  "generation_time": 0.0005223309990469716,
  "download_time": 0.0003424989990890026,
  "api_latency": 0.0,
  "queue_wait_time": 0.0,
  "credits_used": 0,
  "cache_hits": 0,
  "cache_misses": 7
}