{
  "generation_time": 0.0005899149991819286,
  "download_time": 0.00038941499951761216,
  "api_latency": 0.0,
  "queue_wait_time": 0.0,
  "credits_used": 0,
  "cache_hits": 0,
  "cache_misses": 7
}