{
  "generation_time": 0.00014454099891736405,
  "download_time": 8.745899958739756e-05,
  "api_latency": 0.0,
  "queue_wait_time": 0.0,
  "credits_used": 0,
  "cache_hits": 0,
  "cache_misses": 0
}