{
  "generation_time": 0.000555580999389349,
  "download_time": 0.0003649989994300995,
  "api_latency": 0.0,
  "queue_wait_time": 0.0,
  "credits_used": 0,
  "cache_hits": 0,
  "cache_misses": 7
}